article_id,article_version,hcpc_modifier_group,paragraph,last_updated
52369,17,1,,2026-07-14 22:42:58.410000
52370,135,1,,2026-07-31 17:44:06.353000
52379,10,1,,2026-07-14 22:42:59.290000
52399,75,1,,2026-07-16 16:30:41.897000
52420,64,1,,2026-07-14 22:43:00.047000
52421,23,1,,2026-07-14 22:43:00.157000
52423,84,1,,2026-07-14 22:43:00.380000
52432,14,1,,2023-11-07 17:38:39.793000
52435,14,1,,2025-11-26 22:25:16.813000
52437,17,1,,2025-11-26 22:26:52.107000
52438,22,1,,2025-09-18 20:45:40.913000
52448,24,1,,2026-07-14 22:43:01.553000
52450,83,1,,2026-07-14 22:43:02.070000
52451,89,1,,2026-07-24 15:36:31.650000
52453,49,1,,2026-07-14 22:43:00.517000
52470,19,1,,2026-07-27 18:03:29.247000
52830,9,1,,2026-07-28 17:58:37.120000
52849,36,1,,2026-07-14 22:42:58.690000
52850,56,1,,2026-07-14 22:42:58.810000
52855,31,1,,2026-07-14 22:42:59.383000
52863,59,1,,2026-07-14 22:43:02.133000
52866,35,1,,2026-07-14 22:43:03.563000
52868,46,1,,2026-07-14 22:43:03.937000
52870,38,1,,2026-07-14 22:43:04.180000
52986,242,1,,2025-04-25 17:28:16.940000
52992,30,1,,2025-04-11 13:01:08.990000
52993,54,1,<p>N/A</p>,2024-10-18 13:42:54.597000
52996,31,1,,2025-09-26 13:52:26.830000
52998,50,1,,2026-01-23 14:04:06.287000
53001,45,1,,2026-01-23 14:04:57.337000
53006,14,1,,2019-12-12 15:59:00.577000
53008,56,1,,2025-10-27 12:06:22.090000
53018,14,1,,2026-07-14 22:43:03.710000
53024,22,1,,2025-09-16 14:35:05.060000
53026,65,1,<p>N/A</p>,2025-12-22 16:12:02.190000
53043,16,1,,2026-06-19 12:08:45.963000
53047,17,1,,2021-12-29 16:33:30.120000
53052,48,1,,2025-08-19 18:16:46.397000
53053,14,1,,2022-05-12 13:18:15.137000
53057,67,1,,2026-02-04 14:14:59.063000
53058,65,1,,2026-02-04 14:12:57.430000
53060,48,1,,2025-08-14 12:47:17.180000
53064,87,1,,2026-02-04 14:07:05.057000
53065,76,1,,2026-02-04 14:09:21.050000
53084,28,1,,2025-09-23 11:39:33.470000
53095,28,1,,2024-09-05 14:24:28.917000
53101,46,1,,2024-08-29 13:10:23.810000
53104,32,1,,2022-01-18 13:18:14.170000
53105,22,1,,2019-10-16 21:55:24.110000
53134,84,1,,2023-11-22 12:43:03.560000
53296,23,1,,2026-02-23 13:14:49.957000
53304,16,1,,2025-09-23 11:39:32.890000
53322,16,1,,2025-09-16 14:35:04.560000
53352,13,1,,2025-09-23 11:39:33.027000
53359,40,1,,2026-06-17 15:00:08.880000
53387,35,1,"<p>LT</p>
<p>RT</p>
<p>&nbsp;</p>",2026-06-26 12:42:12.317000
53399,13,1,,2019-11-07 15:59:39.837000
53423,16,1,,2019-09-30 14:29:56.320000
53435,11,1,,2023-01-11 18:34:32.450000
53441,10,1,,2019-09-26 17:30:03.900000
53444,14,1,,2023-01-10 20:56:52.933000
53472,18,1,,2019-12-03 21:10:27.230000
53480,14,1,,2019-10-15 14:36:38.470000
53482,13,1,,2019-10-24 00:19:10.997000
53484,18,1,,2026-05-04 13:10:02.680000
53488,11,1,,2019-10-02 12:44:20.700000
53497,15,1,,2023-01-11 13:47:04.470000
53531,22,1,,2024-09-09 13:22:00.803000
53538,15,1,,2019-10-15 15:07:32.120000
53558,29,1,,2022-01-18 12:58:03.890000
53605,21,1,,2021-07-08 12:10:04.603000
53702,19,1,,2019-11-11 14:30:33.447000
53708,16,1,,2019-10-30 14:47:41.273000
53773,20,1,,2024-01-12 15:56:27.957000
53775,34,1,<p>KX</p>,2025-01-07 15:40:50.403000
53778,14,1,,2019-09-25 21:21:37.703000
53781,17,1,,2024-01-11 16:38:49.603000
53784,15,1,,2020-08-12 19:50:20.290000
53793,38,1,,2026-01-27 16:36:00.183000
53883,26,1,"<p>&nbsp;</p>
<p>&nbsp;</p>
<p>&nbsp;</p>",2024-03-01 14:33:37.167000
53972,10,1,,2025-09-23 11:39:33.540000
53986,18,1,,2024-12-04 18:18:01.180000
53988,20,1,,2024-12-04 17:54:48.087000
54018,33,1,,2023-07-21 17:08:27.443000
54021,26,1,,2024-05-24 15:25:57.827000
54061,23,1,,2025-12-22 15:12:01.513000
54095,68,1,,2025-09-26 17:04:49.613000
54111,50,1,,2025-09-26 17:14:51.403000
54117,88,1,,2026-01-23 13:39:50.950000
54188,33,1,,2024-08-28 20:13:45.933000
54191,27,1,,2023-11-08 18:44:29.917000
54192,22,1,,2024-05-29 21:01:58.827000
54194,23,1,,2023-11-14 18:27:56.940000
54195,22,1,,2023-11-15 12:11:05.560000
54196,20,1,,2023-11-15 12:12:26.470000
54257,14,1,,2023-11-08 16:53:27.480000
54269,14,1,,2023-11-14 18:04:43.230000
54270,16,1,,2023-11-14 18:06:31.833000
54283,15,1,,2023-11-15 12:26:18.470000
54295,27,1,,2023-11-10 16:31:04.923000
54300,16,1,,2023-11-07 15:46:52.077000
54327,7,1,,2023-11-07 15:11:38.733000
54338,55,1,,2025-08-29 17:41:29.993000
54386,38,1,<p>N/A</p>,2026-02-09 16:51:04.813000
54418,28,1,<p>N/A</p>,2026-02-09 16:51:05.267000
54422,21,1,<p>N/A</p>,2026-02-09 16:51:05.460000
54445,27,1,<p>N/A</p>,2026-02-09 16:51:06.820000
54472,30,1,,2023-02-20 19:12:21.917000
54480,16,1,,2026-02-09 16:51:07.310000
54484,13,1,,2026-02-09 16:51:07.440000
54498,24,1,<p>N/A</p>,2026-02-09 16:51:05.703000
54548,36,1,,2026-07-14 22:42:59.447000
54555,18,1,,2024-01-12 16:25:49.500000
54559,12,1,,2021-08-30 15:52:16.330000
54602,25,1,,2026-07-14 22:43:03.123000
54635,31,1,,2025-09-16 14:35:04.700000
54641,13,1,,2023-11-17 12:43:00.323000
54643,13,1,,2023-11-17 12:44:31.583000
54660,14,1,,2026-02-23 13:14:48.630000
54682,34,1,,2024-01-25 15:14:26.220000
54685,17,1,,2023-11-08 15:22:47.903000
54686,22,1,,2024-09-14 23:02:26.850000
54688,23,1,,2023-11-08 18:48:22.183000
54689,32,1,,2023-11-07 18:21:10.833000
54750,13,1,,2019-10-28 17:04:55.110000
54767,71,1,,2026-05-01 12:54:09.170000
54768,38,1,,2025-08-14 14:11:33.577000
54769,27,1,,2022-01-18 13:00:18.310000
54795,42,1,<p>N/A</p>,2024-03-15 10:14:22.817000
54799,67,1,,2026-05-01 12:53:39.960000
54830,9,1,,2024-04-05 20:59:32.513000
54831,28,1,,2023-08-24 15:36:23.510000
54832,14,1,,2024-03-28 13:08:54.857000
54880,10,1,,2025-06-05 17:08:18.760000
54901,27,1,,2024-03-15 17:01:26.033000
54909,25,1,,2026-07-14 22:43:03.503000
54923,45,1,,2026-01-22 14:31:42.740000
54926,25,1,,2025-05-09 14:50:07.580000
54929,40,1,,2025-10-27 12:06:23.633000
54954,28,1,,2023-01-20 14:21:01.807000
54958,28,1,<p>N/A</p>,2025-12-24 18:28:57.227000
54961,21,1,,2026-04-02 15:20:28.647000
54969,52,1,,2025-10-14 13:00:49.670000
54975,17,1,<p>N/A</p>,2026-02-09 16:51:04.120000
54982,28,1,,2025-05-09 14:48:53.143000
55001,69,1,<p>N/A</p>,2026-04-30 16:07:45.763000
55028,45,1,<p>N/A</p>,2025-10-27 12:06:22.187000
55044,18,1,,2025-09-23 11:39:33.103000
55056,14,1,,2025-10-27 12:06:23.687000
55061,13,1,,2026-06-16 19:35:52.413000
55069,26,1,,2025-08-14 17:49:02.310000
55115,18,1,<p>N/A</p>,2026-05-05 18:56:37.113000
55136,19,1,<p>N/A</p>,2024-01-24 13:36:42.880000
55146,17,1,,2026-04-21 17:09:34.280000
55147,30,1,<p>N/A</p>,2024-09-17 12:22:13.510000
55161,23,1,,2023-08-23 17:01:04.890000
55162,20,1,,2026-07-24 11:52:37.880000
55169,15,1,<p>N/A</p>,2025-10-22 15:38:30.720000
55175,25,1,,2025-12-23 19:00:35.490000
55193,15,1,,2026-04-20 12:22:56.997000
55197,35,1,,2026-02-20 13:10:20.490000
55200,37,1,<p>N/A</p>,2025-12-23 17:38:53.590000
55206,18,1,,2023-11-20 17:27:56.713000
55210,15,1,<p>N/A</p>,2026-01-22 14:36:51.557000
55215,9,1,,2025-09-16 14:35:04.870000
55224,37,1,<p>N/A</p>,2026-06-18 12:38:09.023000
55227,19,1,,2025-08-14 17:32:58.530000
55229,46,1,,2026-01-23 14:05:43.860000
55230,18,1,<p>N/A</p>,2025-12-23 17:56:22.723000
55231,17,1,<p>N/A</p>,2026-01-22 14:47:58.720000
55233,21,1,,2024-09-17 14:09:15.730000
55235,15,1,,2023-07-19 14:22:47.753000
55239,65,1,<p>N/A</p>,2026-06-24 20:03:12.720000
55264,14,1,<p>N/A</p>,2026-02-09 16:51:06.520000
55294,34,1,<p>N/A</p>,2026-02-09 16:51:06.057000
55310,12,1,,2025-08-28 12:06:50.737000
55315,17,1,,2025-09-26 22:10:36.743000
55326,40,1,,2025-10-27 12:06:24.967000
55336,49,1,,2025-08-21 12:24:18.653000
55354,35,1,,2023-06-05 13:31:53.137000
55478,12,1,,2025-09-16 14:35:03.850000
55503,5,1,,2023-11-22 16:23:07.623000
55530,35,1,,2025-10-14 13:00:49.843000
55584,19,1,,2025-09-16 14:35:04.440000
55595,17,1,<p>N/A</p>,2026-02-09 16:51:04.230000
55596,13,1,<p>N/A</p>,2026-02-09 16:51:07.817000
55597,24,1,<p>N/A</p>,2026-02-09 16:51:07.517000
55621,17,1,,2026-04-21 17:41:21.287000
55623,16,1,<p>N/A</p>,2026-02-09 16:51:07.670000
55624,34,1,<p>N/A</p>,2026-02-09 16:51:07.967000
55639,51,1,<p>N/A</p>,2025-11-18 20:23:20.680000
55672,26,1,,2026-07-14 22:42:59.750000
55675,25,1,,2025-10-06 18:48:48.637000
55695,21,1,,2023-05-23 12:49:05.600000
55703,27,1,,2026-06-18 15:02:38.077000
55709,11,1,,2024-04-16 15:08:02.687000
55711,24,1,<p>N/A</p>,2026-02-09 16:51:03.983000
55715,12,1,,2025-01-31 19:32:23.010000
55716,11,1,,2023-11-08 15:14:20.580000
55717,26,1,,2025-08-18 16:43:45.620000
55723,44,1,,2023-01-20 12:02:27.777000
55738,17,1,<p>N/A</p>,2023-06-22 12:58:52.263000
55754,22,1,,2025-09-16 14:35:04.627000
55769,14,1,,2025-10-06 18:48:48.950000
55774,13,1,<p>N/A</p>,2025-09-23 11:39:33.273000
55818,26,1,,2026-01-23 14:13:19.470000
55835,16,1,,2026-02-27 17:31:04.610000
55909,46,1,<p>N/A</p>,2025-11-18 19:04:08.983000
55913,9,1,,2024-12-17 15:26:40.647000
55937,46,1,,2026-04-02 15:10:22.810000
55951,21,1,<p>N/A</p>,2026-06-18 12:51:56.670000
56006,19,1,,2023-12-21 20:09:49.660000
56025,16,1,,2025-09-23 11:39:33.783000
56027,14,1,,2025-12-23 00:21:15.357000
56034,42,1,,2026-03-04 15:55:05.337000
56065,23,1,,2022-11-15 01:52:19.980000
56071,23,1,,2025-10-06 18:48:48.887000
56072,13,1,,2024-01-23 18:41:24.357000
56083,14,1,,2026-07-27 17:58:49.130000
56103,14,1,<p>N/A</p>,2026-02-09 16:51:07.033000
56106,14,1,,2024-01-30 20:17:52.790000
56141,39,1,,2020-11-12 22:00:17.003000
56152,35,1,,2025-10-27 12:06:23.137000
56157,19,1,<p>N/A</p>,2026-06-18 15:44:55.477000
56159,23,1,,2026-02-27 19:04:09.950000
56178,21,1,,2026-07-14 22:43:02.290000
56199,130,1,"<p>The 91 modifier is used for laboratory tests paid under the clinical laboratory fee schedule, as stated in the Medicare Claims Processing Manual Chapter 16, Laboratory Services Section 100.5.1.<br /><br /></p>",2026-07-16 16:40:38.363000
56232,34,1,<p>N/A</p>,2025-09-17 16:31:13.050000
56248,12,1,,2026-07-14 22:42:59.173000
56273,28,1,<p>N/A</p>,2025-08-22 18:58:44.830000
56287,18,1,,2024-05-31 13:37:46.913000
56289,14,1,,2026-02-19 15:38:53.373000
56333,11,1,<p>N/A</p>,2023-07-19 14:40:42.763000
56335,14,1,<p>N/A</p>,2025-04-25 18:44:23.440000
56346,27,1,,2026-06-12 13:28:59.690000
56380,56,1,,2025-08-26 12:14:59.303000
56384,7,1,,2019-10-08 18:32:34.977000
56389,36,1,,2025-08-21 14:33:49.337000
56390,11,1,,2023-01-10 14:47:11.900000
56391,37,1,<p>N/A</p>,2025-12-24 19:58:21.823000
56394,32,1,"<p>The <span style=""text-decoration: underline;"">providing practitioner is responsible</span> for applying the -KX modifier to claims for screening colonoscopy when the procedure follows a positive stool-based test as part of a complete colorectal cancer screening.</p>",2026-07-16 17:21:39.087000
56395,18,1,,2026-06-16 15:07:49.787000
56396,11,1,,2023-01-17 15:54:03.990000
56414,41,1,,2025-09-26 13:53:43.267000
56416,42,1,,2025-09-26 13:54:31.440000
56419,20,1,,2023-04-10 13:11:15.720000
56420,16,1,,2023-01-20 12:04:01.637000
56421,40,1,,2025-11-10 12:56:14.403000
56422,50,1,,2026-01-23 14:06:34.353000
56423,59,1,,2026-01-23 14:07:21.247000
56425,16,1,,2025-11-26 22:39:00.690000
56431,6,1,,2021-02-25 20:08:16.833000
56432,25,1,,2026-02-04 14:06:25
56439,18,1,,2025-10-31 20:58:08.600000
56448,22,1,,2025-11-26 22:37:20.307000
56451,26,1,,2025-09-30 23:46:16.937000
56453,12,1,,2025-09-18 20:06:23.023000
56454,12,1,,2026-02-23 17:34:52.797000
56455,12,1,,2026-02-20 22:00:55.193000
56456,32,1,,2026-02-20 19:56:10.670000
56457,15,1,,2026-02-20 19:22:54.443000
56459,30,1,,2026-04-10 11:43:25.790000
56460,14,1,,2026-02-20 19:46:01.277000
56461,26,1,,2026-02-27 14:26:45.577000
56462,32,1,,2026-02-27 16:11:05.433000
56464,35,1,,2026-02-27 18:26:52.740000
56465,16,1,,2026-03-25 18:17:46.760000
56467,14,1,,2026-03-25 20:03:04.487000
56471,18,1,,2026-02-20 21:43:00.440000
56476,35,1,,2025-08-14 14:47:37.887000
56491,25,1,,2025-03-18 16:49:18.653000
56493,13,1,,2025-10-31 20:50:57.630000
56494,17,1,,2026-02-20 21:50:05.440000
56497,20,1,,2021-02-09 13:54:19.163000
56500,39,1,,2025-10-31 21:03:23.123000
56502,8,1,,2023-11-20 14:21:05.527000
56503,12,1,,2024-12-17 16:47:49.507000
56505,41,1,,2026-02-20 14:54:44.960000
56514,25,1,<p>N/A</p>,2025-10-14 13:00:42.573000
56531,19,1,,2024-08-12 18:11:49.577000
56537,41,1,,2026-07-14 22:43:03.407000
56538,27,1,,2025-09-26 13:55:13.920000
56541,40,1,,2024-01-19 13:04:01.017000
56542,18,1,,2025-09-26 17:08:20.433000
56544,28,1,,2026-07-14 22:42:59.017000
56545,14,1,,2024-11-13 14:10:50
56548,20,1,,2026-07-14 22:42:59.233000
56549,13,1,,2026-07-14 22:43:01.600000
56550,12,1,,2026-07-14 22:43:02.190000
56551,34,1,,2026-07-14 22:43:04.543000
56558,86,1,,2025-11-26 13:34:36.860000
56559,26,1,,2025-08-13 21:55:26.053000
56562,33,1,,2024-08-08 18:59:19.513000
56566,46,1,,2026-07-14 22:43:01.973000
56572,22,1,<p>N/A</p>,2025-10-27 12:06:23.070000
56580,30,1,,2025-08-14 18:31:13.090000
56584,14,1,,2023-07-06 14:41:36.983000
56587,48,1,,2026-02-06 13:52:17.270000
56588,33,1,,2026-07-16 15:49:12.120000
56594,14,1,,2026-03-16 18:22:37.210000
56602,39,1,,2025-01-24 13:51:55.843000
56605,22,1,,2025-12-22 15:47:48.893000
56607,19,1,,2025-08-21 14:15:19.033000
56609,18,1,,2026-07-14 22:42:58.623000
56610,13,1,,2023-11-06 15:53:06.300000
56611,15,1,,2025-08-14 16:11:19.137000
56612,35,1,,2026-07-17 12:41:06.683000
56613,17,1,,2025-08-14 16:13:18.737000
56614,23,1,,2025-04-09 14:26:14.137000
56615,36,1,,2025-09-26 13:56:51.227000
56616,11,1,,2024-12-13 15:16:30.767000
56617,26,1,,2026-07-14 22:42:59.333000
56619,33,1,,2025-08-20 14:53:32.640000
56621,26,1,,2025-08-14 12:30:33.987000
56625,36,1,,2025-08-19 15:00:46.823000
56631,19,1,,2023-10-20 11:53:00.737000
56632,31,1,,2025-08-14 17:16:03.233000
56633,47,1,,2023-11-09 23:50:23.010000
56636,20,1,,2025-10-22 18:51:30.333000
56638,37,1,,2025-07-09 18:47:27.213000
56639,20,1,,2025-08-14 13:23:36.783000
56640,16,1,,2019-09-06 18:27:01.200000
56641,18,1,,2025-08-14 13:58:38.173000
56642,47,1,,2025-07-09 18:46:27.867000
56644,29,1,,2025-09-26 14:04:44.160000
56645,48,1,,2024-10-18 13:49:36.060000
56647,32,1,,2023-11-09 23:51:49.847000
56648,19,1,,2023-10-19 18:16:12.080000
56651,36,1,,2023-11-09 11:41:10.573000
56653,15,1,,2024-05-31 13:36:54.770000
56658,42,1,,2026-01-27 16:16:04.083000
56666,19,1,,2023-01-20 12:03:14.147000
56669,16,1,,2024-07-23 15:40:31.860000
56670,61,1,<p>N/A</p>,2026-04-02 15:32:45.693000
56672,16,1,,2024-10-18 12:45:48.183000
56673,14,1,,2024-12-13 15:17:19.267000
56674,11,1,,2025-04-09 14:28:57.673000
56675,25,1,,2024-09-05 14:28:59.523000
56679,9,1,,2024-08-22 14:02:01.940000
56680,44,1,,2025-10-24 13:18:45.330000
56681,34,1,,2023-11-09 11:38:02.703000
56682,49,1,,2025-10-03 12:28:15.207000
56684,17,1,,2025-09-12 14:35:09.637000
56685,17,1,,2024-08-26 14:04:30.413000
56686,16,1,,2024-12-17 17:34:18.770000
56691,28,1,,2025-08-14 13:49:00.380000
56692,19,1,,2026-07-27 17:39:25.680000
56695,24,1,,2025-08-25 13:18:53.047000
56696,43,1,,2026-03-05 12:45:14.920000
56697,44,1,,2025-10-31 21:11:10.810000
56703,17,1,,2024-06-24 12:34:07.987000
56704,10,1,,2022-03-04 13:36:36.313000
56717,35,1,,2026-02-04 14:11:04.907000
56718,39,1,,2026-06-26 12:40:36.347000
56722,23,1,,2025-09-26 17:44:04.800000
56724,5,1,,2019-10-09 15:05:14.870000
56726,43,1,,2026-07-14 22:43:01.730000
56727,21,1,,2025-08-18 15:58:46.430000
56729,21,1,,2025-08-25 14:13:13.287000
56730,27,1,,2026-02-04 14:11:47.090000
56731,16,1,,2023-12-27 19:22:55.513000
56732,15,1,,2023-12-20 18:54:09.227000
56737,31,1,,2026-07-14 22:42:58.877000
56743,26,1,,2026-07-14 22:42:58.933000
56747,29,1,,2026-07-14 22:43:00.663000
56748,31,1,,2026-06-26 12:41:20.077000
56754,4,1,,2019-09-26 17:24:10.560000
56756,20,1,,2023-11-03 14:52:03.380000
56758,62,1,,2026-07-14 22:43:01.297000
56766,25,1,,2026-07-14 22:43:00.320000
56767,29,1,,2026-07-14 22:42:59.973000
56769,18,1,,2025-08-14 15:14:15.397000
56771,25,1,,2024-09-17 12:35:02.150000
56773,30,1,,2025-09-26 13:57:32.630000
56774,22,1,,2025-08-14 11:51:29.523000
56775,24,1,,2025-08-25 13:56:04.993000
56777,16,1,,2026-01-27 16:48:12
56779,25,1,,2026-06-12 20:47:55.893000
56781,39,1,,2026-07-14 22:43:04.127000
56784,18,1,,2024-08-12 15:21:08.943000
56786,77,1,,2026-07-10 13:47:46.527000
56787,24,1,,2026-07-14 22:43:01.423000
56792,11,1,,2023-08-07 14:15:22.317000
56793,35,1,,2026-07-14 22:42:59.803000
56795,34,1,<p>N/A</p>,2025-04-23 19:27:45.450000
56796,31,1,,2026-01-23 13:44:53.973000
56797,18,1,,2026-07-14 22:42:59.693000
56798,29,1,,2026-07-27 17:53:30.673000
56799,29,1,,2025-10-30 14:19:04.033000
56802,18,1,,2025-09-26 22:16:16.487000
56805,41,1,,2025-09-26 17:13:53.940000
56808,15,1,,2025-09-26 22:12:16.470000
56809,20,1,,2025-08-29 17:15:27.260000
56811,13,1,,2025-09-19 13:08:35.837000
56816,16,1,,2026-02-20 21:11:46.690000
56818,55,1,,2026-06-22 17:24:57.043000
56823,22,1,,2026-07-14 22:43:02.240000
56825,20,1,,2025-08-14 15:48:46.883000
56826,12,1,,2026-07-14 22:42:58.563000
56827,17,1,,2026-07-14 22:42:55.277000
56836,18,1,,2026-04-29 15:39:35.177000
56837,18,1,,2026-07-14 22:43:03.070000
56838,13,1,,2024-05-21 14:16:40.207000
56841,18,1,,2023-10-20 11:51:57.263000
56844,26,1,,2026-07-14 22:43:03.023000
56845,12,1,,2026-07-14 22:43:04.360000
56848,16,1,,2025-01-24 13:54:22.770000
56850,33,1,,2026-07-14 22:43:02.743000
56852,24,1,,2026-01-27 16:20:04.463000
56853,102,1,,2026-07-21 12:43:22.663000
56857,7,1,,2021-06-30 12:24:42.627000
56859,7,1,,2021-02-02 17:28:11.633000
56863,15,1,,2026-07-14 22:43:03.450000
56865,29,1,,2026-07-14 22:43:02.643000
56866,21,1,,2026-06-12 13:29:34.373000
56867,45,1,,2026-07-14 22:42:59.900000
56868,30,1,,2025-08-22 19:20:56.293000
56869,12,1,,2024-12-17 20:18:35.400000
56870,7,1,,2021-11-16 13:03:11.370000
56871,19,1,,2024-12-16 20:11:02.040000
56872,10,1,,2023-07-21 15:01:18.897000
56874,29,1,,2026-07-14 22:43:03.620000
56875,11,1,,2021-09-09 12:14:43.133000
56876,18,1,,2023-12-28 16:40:58.680000
56881,10,1,,2025-08-01 00:19:51.063000
56884,13,1,,2023-11-08 17:11:56.847000
56885,14,1,,2023-11-10 16:46:18.910000
56887,11,1,,2023-11-15 12:11:45.737000
56898,15,1,,2021-06-15 12:08:48.113000
56899,11,1,,2024-10-31 13:10:46.850000
56900,23,1,<p>N/A</p>,2025-09-17 17:04:28.400000
56902,50,1,<p>N/A</p>,2026-01-22 20:17:24.210000
56903,15,1,,2025-06-18 17:23:38.883000
56905,20,1,,2026-01-22 19:48:02.213000
56906,13,1,,2022-06-20 12:58:59.417000
56907,24,1,,2025-12-24 18:56:23.510000
56908,19,1,<p>The GY modifier must be billed with ICD-10 code Z41.1 for a non-covered denial.</p>,2025-12-24 17:44:44.560000
56910,9,1,,2025-07-16 16:14:38.403000
56913,13,1,,2023-07-07 13:48:57.523000
56914,19,1,<p>N/A</p>,2026-01-22 19:51:09.270000
56915,37,1,,2026-04-29 14:55:54.230000
56916,33,1,<p>N/A</p>,2026-04-21 17:37:15.637000
56923,16,1,,2023-01-20 12:08:35.170000
56924,11,1,,2023-07-03 13:03:52.663000
56926,17,1,,2026-07-27 16:44:20.790000
56929,15,1,"<p>No modifiers applicable for <em><strong><span style=""line-height: 115%;"">ICD-10 Codes that Support Medical Necessity Group 1: Codes.</span></strong></em></p>",2023-09-14 20:07:55.910000
56929,15,2,,2023-09-14 20:07:55.913000
56933,9,1,,2022-10-10 12:44:24.120000
56937,43,1,,2026-07-14 22:43:02.853000
56938,46,1,,2022-01-14 13:50:48.143000
56940,11,1,,2025-02-06 19:27:32.853000
56941,7,1,,2021-10-07 11:42:28.920000
56943,17,1,,2025-08-22 15:02:45.087000
56948,23,1,,2025-08-18 19:13:33.113000
56949,7,1,,2021-04-15 12:17:13.233000
56952,50,1,,2026-01-23 14:15:06.630000
56953,25,1,,2022-01-14 13:57:32.367000
56954,6,1,,2026-07-14 22:43:01.780000
56957,9,1,,2021-12-22 16:14:23.917000
56961,18,1,,2025-10-17 11:34:05.817000
56962,8,1,,2021-09-09 12:21:17.030000
56963,12,1,,2021-09-29 12:07:10.587000
56973,69,1,,2026-07-24 12:18:57.453000
56980,12,1,,2025-06-11 12:08:10.673000
56981,16,1,,2023-11-08 18:29:32.487000
56982,15,1,,2025-06-11 12:09:58.923000
56983,12,1,,2024-08-14 19:41:57.103000
56985,15,1,,2023-11-08 18:39:49.463000
56988,17,1,,2025-11-26 22:42:01.693000
56989,11,1,,2023-11-08 16:59:19.820000
56995,15,1,,2024-02-28 14:33:00.323000
56997,18,1,,2025-04-30 19:24:05.700000
56998,10,1,,2023-11-15 12:09:43.233000
57020,6,1,,2026-07-14 22:43:00.843000
57021,19,1,,2024-01-29 16:47:57.557000
57024,16,1,,2026-07-14 22:42:58.517000
57025,21,1,<p>N/A</p>,2025-01-24 13:58:48.657000
57029,10,1,,2022-10-28 13:23:02.547000
57030,11,1,,2026-07-14 22:42:59.497000
57034,11,1,,2024-11-08 16:17:10.453000
57037,24,1,<p>N/A</p>,2026-01-12 13:44:32.323000
57038,16,1,,2025-08-29 17:00:59.287000
57039,9,1,,2025-08-29 16:39:28.080000
57040,26,1,,2026-07-27 17:49:56.427000
57041,21,1,,2026-04-02 15:40:48.697000
57043,24,1,,2026-07-27 16:54:52.090000
57044,22,1,,2026-07-27 17:16:17.910000
57047,11,1,,2023-12-29 17:47:55.447000
57049,13,1,,2026-02-27 17:26:37.947000
57050,13,1,,2026-03-16 18:26:42.480000
57052,18,1,,2026-04-03 12:59:07.343000
57053,22,1,,2026-04-02 15:31:14.987000
57054,12,1,,2026-04-02 15:33:45.270000
57056,44,1,,2025-10-03 12:29:19.390000
57060,12,1,,2026-07-14 22:43:04.427000
57063,29,1,,2025-09-26 17:19:11.050000
57065,32,1,,2026-05-29 20:46:54.787000
57067,34,1,,2026-05-29 21:16:57.503000
57068,17,1,,2026-04-29 16:31:51.340000
57069,25,1,,2026-05-22 16:03:03.273000
57070,16,1,,2026-05-29 21:20:00.660000
57071,36,1,,2026-05-29 21:30:01.633000
57072,17,1,<p>N/A</p>,2023-06-29 17:20:47.940000
57077,29,1,,2024-10-18 13:54:49.250000
57079,15,1,,2026-03-24 16:38:13.253000
57083,14,1,,2026-02-23 13:14:48.517000
57092,25,1,,2026-07-14 22:43:00.103000
57100,51,1,<p>N/A</p>,2026-07-24 12:21:39.547000
57106,12,1,,2024-01-23 20:39:59.407000
57110,17,1,,2024-09-17 14:04:25.460000
57112,11,1,<p>N/A</p>,2024-06-18 13:50:35.500000
57113,44,1,,2026-01-23 13:45:56.860000
57114,21,1,"<p>It is the provider&#8217;s responsibility to assess the applicability of modifiers and to select the appropriate modifier in accordance with the medical record. Any modifier submitted on a claim must be valid and effective for the date of service reported. Identified payment modifiers, those that directly affect reimbursement, must be listed first. Informational or statistical modifiers must be listed after the payment modifiers, in any order, if there are multiple modifiers applicable.</p>
<p><strong>Note:</strong> The modifier table is not an exhaustive list of coding related modifiers. Providers must append any additional modifiers necessary to accurately reflect the services rendered.</p>",2026-07-17 17:54:54.173000
57115,10,1,,2026-01-23 14:15:55.930000
57118,3,1,,2019-10-02 17:03:59.110000
57122,23,1,,2025-12-12 14:46:47.553000
57123,61,1,,2025-09-26 17:05:42.520000
57124,21,1,<p>N/A</p>,2026-01-12 13:44:32.777000
57125,22,1,<p>N/A</p>,2024-10-18 13:43:39
57130,51,1,,2025-09-26 13:58:25.637000
57132,19,1,,2023-12-29 17:42:59.203000
57141,47,1,,2026-07-24 13:55:30.790000
57143,3,1,,2019-09-16 16:48:36.647000
57145,32,1,,2026-01-23 14:16:53.010000
57146,3,1,,2019-09-16 16:49:39.983000
57149,20,1,,2026-02-27 19:14:14.480000
57152,2,1,,2019-09-16 16:36:46.340000
57155,15,1,<p>N/A</p>,2024-09-30 18:28:44.020000
57160,13,1,,2026-04-10 11:40:19.037000
57161,22,1,,2025-12-22 15:21:37.553000
57165,15,1,,2025-10-27 17:47:50.393000
57170,2,1,,2019-09-16 18:17:45.980000
57174,2,1,,2019-09-16 19:16:53.603000
57179,22,1,,2026-02-20 14:56:44.227000
57181,37,1,,2025-09-23 19:02:59.383000
57183,23,1,,2025-12-22 15:16:12.073000
57185,43,1,<p>N/A</p>,2026-04-03 13:33:13.430000
57186,43,1,<p>N/A</p>,2026-04-03 13:34:39.087000
57187,39,1,,2026-06-24 12:20:47.870000
57188,27,1,,2025-09-26 17:23:31.240000
57189,28,1,,2025-10-06 18:48:51.330000
57190,11,1,,2025-10-06 18:48:47.943000
57193,31,1,,2026-07-27 17:30:25.167000
57195,29,1,,2025-10-15 21:14:42.523000
57204,45,1,,2026-05-05 18:30:56.440000
57205,39,1,,2026-01-23 14:08:15.757000
57206,30,1,<p>N/A</p>,2025-10-14 13:00:41.993000
57221,25,1,,2025-10-06 18:48:49.537000
57224,68,1,,2026-06-03 14:40:10.677000
57237,11,1,<p>N/A</p>,2025-10-06 18:48:48.713000
57268,21,1,<p>N/A</p>,2026-01-12 13:44:33.963000
57282,18,1,,2025-09-30 23:56:42.673000
57284,14,1,,2026-05-22 16:11:18.830000
57305,14,1,,2025-10-03 22:20:28.267000
57306,44,1,,2026-04-10 11:41:13.260000
57307,38,1,,2026-04-29 16:23:02.687000
57311,35,1,,2026-07-27 16:46:20.490000
57326,42,1,,2026-07-31 15:09:20.037000
57329,18,1,<p>N/A</p>,2026-01-26 13:24:19.920000
57331,61,1,<p>N/A</p>,2026-07-24 12:49:10.600000
57342,31,1,,2025-10-27 12:06:20.173000
57356,14,1,<p>No modifiers applicable for <em><strong>ICD-10 Codes that Support Medical Necessity Group 1: Codes.</strong></em></p>,2025-10-14 13:00:34.383000
57356,14,2,<p>N/A</p>,2025-10-14 13:00:34.383000
57361,46,1,"<p>The procedures listed above represent commonly used anesthesia codes that may involve MAC. When these codes are used and MAC has been provided, the QS modifier must be used.</p>",2026-01-23 14:09:14.763000
57363,14,1,<p>N/A</p>,2026-01-12 13:44:33
57372,18,1,<p>N/A</p>,2026-01-26 13:24:20.073000
57384,53,1,<p>N/A</p>,2026-07-24 12:45:20.950000
57386,21,1,,2025-09-19 17:04:13.473000
57414,30,1,,2025-09-26 13:59:14.437000
57419,16,1,<p>N/A</p>,2026-01-12 13:44:33.550000
57423,16,1,,2026-01-12 13:44:33.707000
57427,11,1,,2026-07-14 22:43:03.983000
57428,10,1,,2026-07-14 22:43:03.797000
57431,14,1,,2026-07-14 22:43:00.807000
57432,12,1,<p>N/A</p>,2026-01-12 13:44:34.027000
57434,35,1,,2025-09-26 17:30:19.887000
57441,8,1,,2026-01-12 13:44:33.843000
57449,24,1,,2025-09-26 17:31:39.983000
57450,14,1,,2025-09-26 17:32:23.220000
57451,38,1,,2024-01-19 13:06:50.440000
57452,46,1,,2026-07-14 22:43:02.473000
57453,5,1,,2026-07-14 22:43:02.563000
57455,24,1,,2026-07-14 22:43:04.320000
57473,33,1,<p>N/A</p>,2025-09-18 19:06:22.043000
57476,22,1,<p>N/A</p>,2025-08-22 17:27:55.943000
57477,15,1,,2026-07-24 12:24:42.143000
57478,40,1,,2025-09-16 18:52:15.140000
57479,18,1,<p>N/A</p>,2026-01-22 18:00:56.710000
57480,31,1,,2026-01-22 20:20:20.670000
57481,12,1,<p>N/A</p>,2024-10-22 12:54:40.783000
57482,25,1,<p>N/A</p>,2026-07-24 12:37:26.830000
57483,28,1,<p>N/A</p>,2025-09-18 17:17:08.333000
57484,22,1,<p>N/A</p>,2026-02-11 19:03:25.327000
57486,10,1,,2026-01-26 13:24:19.507000
57496,14,1,,2024-05-10 11:50:10.190000
57497,15,1,<p>N/A</p>,2025-10-27 12:06:19.960000
57503,17,1,,2022-03-24 15:26:39.763000
57512,19,1,<p>N/A</p>,2025-09-04 19:01:26.460000
57515,12,1,<p>N/A</p>,2025-10-14 13:00:49.937000
57516,12,1,<p>N/A</p>,2026-01-26 13:24:20.020000
57520,43,1,,2025-01-24 13:57:27.373000
57526,93,1,<p>N/A</p>,2026-07-21 12:09:26.320000
57528,5,1,,2026-07-14 22:43:03.840000
57531,60,1,,2025-11-26 13:36:14.840000
57540,15,1,,2025-09-26 17:40:20.533000
57551,14,1,<p>N/A</p>,2025-12-23 13:54:28.483000
57552,19,1,<p>N/A</p>,2025-10-22 15:27:02.663000
57554,52,1,<p>N/A</p>,2026-07-24 12:57:31.530000
57558,11,1,<p>No modifiers applicable for ICD-10 Codes that Support Medical Necessity Group 1: Codes.</p>,2023-03-22 14:33:54.527000
57558,11,2,<p>N/A</p>,2023-03-22 14:33:54.530000
57559,20,1,<p>N/A</p>,2025-09-17 15:54:44.950000
57560,10,1,<p>N/A</p>,2025-04-25 19:15:08.457000
57566,13,1,<p>N/A</p>,2026-05-21 13:55:57.073000
57567,14,1,<p>N/A</p>,2025-04-25 19:30:21.583000
57568,11,1,<p>N/A</p>,2023-04-21 17:50:40.300000
57571,9,1,<p>N/A</p>,2024-11-20 14:19:23.210000
57575,9,1,<p>N/A</p>,2025-06-18 17:36:04.453000
57576,11,1,<p>N/A</p>,2023-05-23 15:15:22.117000
57577,7,1,<p>N/A</p>,2023-08-23 16:56:04.897000
57581,7,1,<p>N/A</p>,2023-07-19 16:36:05.580000
57583,9,1,,2025-10-22 17:06:40.343000
57587,9,1,<p>N/A</p>,2023-12-20 14:49:27.557000
57588,11,1,<p>N/A</p>,2025-10-22 17:47:44.620000
57589,16,1,<p>N/A</p>,2023-11-20 15:53:29.740000
57590,15,1,<p>N/A</p>,2026-01-22 18:52:00.473000
57591,25,1,<p>N/A</p>,2026-03-20 12:08:47.020000
57592,19,1,,2026-02-20 13:41:29.560000
57593,17,1,<p>N/A</p>,2025-09-18 19:39:59.460000
57594,22,1,<p>N/A</p>,2025-12-23 20:45:44.907000
57595,20,1,<p>N/A</p>,2026-02-25 12:35:32.383000
57596,19,1,,2026-01-22 19:54:44.223000
57597,22,1,<p>N/A</p>,2025-09-16 19:10:40.173000
57598,11,1,,2026-03-20 12:40:01.407000
57599,14,1,<p>N/A</p>,2025-09-18 18:43:31.513000
57600,34,1,,2025-09-26 14:00:00.690000
57604,16,1,,2024-01-23 16:48:24.857000
57607,15,1,<p>N/A</p>,2026-01-12 13:44:33.490000
57611,16,1,<p>N/A</p>,2025-09-09 16:37:28.820000
57612,8,1,<p>N/A</p>,2025-10-06 18:48:49.020000
57614,15,1,<p>N/A</p>,2025-09-09 16:38:35.700000
57615,6,1,<p>N/A</p>,2025-10-06 18:48:51.657000
57618,24,1,<p>N/A</p>,2025-01-24 13:58:14.943000
57619,8,1,<p>N/A</p>,2026-01-26 13:24:19.557000
57621,17,1,<p>N/A</p>,2026-01-12 13:44:33.410000
57630,11,1,<p>N/A</p>,2024-07-24 17:29:22.327000
57633,8,1,,2025-01-24 17:53:14.150000
57636,24,1,,2025-09-26 14:08:29.307000
57637,20,1,,2025-09-26 17:41:11.410000
57638,7,1,,2024-01-19 13:57:49.677000
57643,20,1,<p>N/A</p>,2025-09-04 19:00:33.087000
57647,17,1,<p>N/A</p>,2023-07-07 12:25:58.207000
57649,9,1,,2023-10-20 12:29:56.947000
57651,5,1,,2019-11-21 21:53:25.427000
57657,25,1,,2024-10-18 14:00:59.777000
57660,6,1,,2019-11-22 23:00:14.730000
57661,17,1,<p>N/A</p>,2025-10-14 13:00:42.120000
57663,14,1,,2026-04-29 16:16:11.267000
57664,11,1,<p>N/A</p>,2026-01-12 13:44:33.903000
57666,36,1,,2026-01-23 14:12:38.983000
57667,10,1,,2020-09-25 15:39:19.040000
57668,45,1,,2026-07-14 22:43:01.050000
57669,10,1,,2025-09-26 14:09:18.750000
57670,8,1,<p>N/A</p>,2026-02-06 14:44:55.913000
57672,6,1,,2019-11-22 23:07:18.190000
57677,14,1,,2024-10-18 12:55:41.080000
57678,11,1,,2025-09-26 14:05:18.613000
57680,9,1,,2026-01-23 13:41:12.370000
57682,6,1,,2020-09-25 15:55:53.680000
57683,11,1,<p>N/A</p>,2025-10-27 12:06:24.200000
57685,15,1,,2025-12-23 00:27:27.400000
57689,44,1,<p>N/A</p>,2025-10-27 12:06:23.003000
57692,11,1,<p>N/A</p>,2025-08-06 17:50:57.530000
57697,16,1,<p>N/A</p>,2025-09-04 19:02:55.617000
57701,30,1,<p>N/A</p>,2025-12-22 16:36:18.277000
57706,14,1,<p>N/A</p>,2025-10-06 18:48:51.783000
57715,55,1,<p>N/A</p>,2025-12-05 14:36:30.310000
57718,20,1,<p>N/A</p>,2025-08-06 17:50:58.423000
57726,7,1,,2023-10-13 11:44:21.230000
57733,12,1,<p>N/A</p>,2026-04-21 17:05:34.650000
57736,18,1,,2026-07-14 22:43:04.610000
57751,28,1,"<p>It is the provider&#8217;s responsibility to assess the applicability of modifiers and to select the appropriate modifier in accordance with the medical record. Any modifier submitted on a claim must be valid and effective for the date of service reported. Identified payment modifiers, those that directly affect reimbursement, must be listed first. Informational or statistical modifiers must be listed after the payment modifiers, in any order, if there are multiple modifiers applicable.</p>
<p><strong>Note:</strong> The modifier table is not an exhaustive list of coding related modifiers. Providers must append any additional modifiers necessary to accurately reflect the services rendered.</p>",2026-07-17 17:54:02.413000
57752,18,1,<p>N/A</p>,2022-02-11 14:12:32.773000
57753,12,1,,2022-01-14 13:53:24.677000
57755,18,1,,2024-03-27 14:37:53.070000
57759,36,1,"<p style=""line-height: normal;"">One of the modifiers listed below must be reported with codes 11055, 11056, 11057, 11719, G0127, and with codes 11720 and 11721 when the coverage is based on the presence of a qualifying systemic condition. If the patient has evidence of neuropathy, but no vascular impairment, class findings modifiers are not required:</p>
<p>Modifier Q7: One (1) Class A finding Modifier Q8: Two (2) Class B findings Modifier Q9: One (1) Class B finding and two (2) Class C findings.</p>",2026-07-14 22:43:03.190000
57765,26,1,"<p>It is the provider&#8217;s responsibility to assess the applicability of modifiers and to select the appropriate modifier in accordance with the medical record. Any modifier submitted on a claim must be valid and effective for the date of service reported. Identified payment modifiers, those that directly affect reimbursement, must be listed first. Informational or statistical modifiers must be listed after the payment modifiers, in any order, if there are multiple modifiers applicable.</p>
<p><strong>Note:</strong> The modifier table is not an exhaustive list of coding related modifiers. Providers must append any additional modifiers necessary to accurately reflect the services rendered.</p>",2026-06-18 14:20:03.040000
57767,12,1,,2024-03-01 14:34:11.743000
57772,81,1,,2026-07-24 12:17:55.897000
57773,17,1,<p>N/A</p>,2026-01-12 13:44:33.287000
57778,59,1,,2026-07-10 13:48:23.020000
57779,8,1,,2025-01-24 17:40:08.193000
57780,27,1,,2025-09-26 14:09:56.013000
57787,47,1,<p>N/A</p>,2026-04-02 15:33:59.460000
57788,41,1,,2025-12-12 20:04:07.280000
57791,12,1,,2025-10-06 18:48:51.580000
57804,41,1,,2025-09-26 14:07:50.983000
57813,8,1,,2022-01-18 13:52:52.223000
57826,37,1,<p>N/A</p>,2026-07-14 22:42:59.630000
57831,30,1,,2026-05-26 14:32:32.927000
57837,30,1,,2026-05-05 14:16:17.947000
57839,14,1,,2025-04-04 13:39:26.553000
57842,11,1,<p>N/A</p>,2026-02-09 16:51:07.743000
57848,19,1,,2025-09-23 11:39:33.707000
57851,8,1,<p>N/A</p>,2023-09-19 14:19:23.897000
57858,30,1,<p>N/A</p>,2026-05-29 16:08:28.933000
57863,41,1,<p>N/A</p>,2026-06-04 16:49:39.367000
57867,33,1,,2025-06-30 13:11:56.430000
57868,4,1,,2021-12-13 14:12:17.447000
57870,26,1,<p>N/A</p>,2025-04-09 11:07:13.217000
57872,10,1,,2022-02-11 14:13:27.780000
57873,31,1,<p>N/A</p>,2026-06-11 15:26:08.070000
57878,26,1,,2026-05-21 13:36:19.340000
57880,13,1,,2025-12-11 13:59:03.503000
57884,10,1,,2025-04-04 13:40:37.370000
57891,39,1,<p>N/A</p>,2026-05-05 19:48:55.217000
57901,27,1,<p>N/A</p>,2026-05-26 14:22:43.463000
57910,14,1,,2023-11-15 12:29:13.880000
57913,11,1,,2025-09-16 17:35:55.087000
57915,10,1,,2025-05-13 19:15:55.567000
57917,32,1,,2026-08-03 13:41:03.360000
57926,25,1,,2026-03-25 17:53:00.560000
57936,33,1,<p>N/A</p>,2025-07-23 19:23:13.117000
57944,25,1,"<p>For professional services billing of 64582, 64583, and 64584 with reduced services</p>",2026-05-01 12:37:40.137000
57948,38,1,<p>N/A</p>,2026-06-09 19:34:53.407000
57954,73,1,"<p align=""LEFT"">For purposes of applying presumption of coverage, when the evidence available discloses certain physical and/or clinical findings consistent with the diagnosis and indicative of severe peripheral involvement, the following findings are pertinent:</p>
<ul>
<li>Class A Findings:
<ul>
<li>Nontraumatic amputation of foot or integral skeletal portion thereof.</li>
</ul>
</li>
<li>Class B Findings:
<ul>
<li>Absent posterior tibial pulse;</li>
<li>Advanced trophic changes as: hair growth (decrease or absence) nail changes (thickening) pigmentary changes (discoloration) skin texture (thin, shiny) skin color (rubor or redness) (three required); and</li>
<li>Absent dorsalis pedis pulse.</li>
</ul>
</li>
<li>Class C Findings:
<ul>
<li>Claudication;</li>
<li>Temperature changes (e.g., cold feet);</li>
<li>Edema;</li>
<li>Paresthesias (abnormal spontaneous sensations in the feet); and</li>
<li>Burning.</li>
</ul>
</li>
</ul>
<p align=""LEFT"">The presumption of coverage may be applied when the physician rendering the routine foot care has identified the following by using the modifiers below:</p>
<ol>
<li>A Class A finding (Q7);</li>
<li>Two of the Class B findings (Q8); or</li>
<li>One Class B and two Class C findings (Q9).</li>
</ol>
<p>&nbsp;</p>",2025-11-10 19:27:28.080000
57970,13,1,<p>N/A</p>,2026-02-09 16:51:06.260000
57983,6,1,<p>N/A</p>,2023-12-20 16:25:11.817000
58000,4,1,<p>N/A</p>,2020-08-18 15:46:41
58008,22,1,,2026-01-27 16:18:03.493000
58017,55,1,,2026-07-24 12:44:30.307000
58019,45,1,,2026-01-12 15:40:43.727000
58021,11,1,,2022-05-26 13:29:56.877000
58028,23,1,<p>N/A</p>,2024-01-08 14:34:44.323000
58031,11,1,,2022-02-18 13:49:44.750000
58038,10,1,,2023-11-10 16:33:21.937000
58052,9,1,<p>N/A</p>,2026-01-26 13:24:19.693000
58061,28,1,,2025-06-26 13:39:42.990000
58063,11,1,,2023-11-10 16:27:40.793000
58065,19,1,,2024-01-08 17:49:55.680000
58075,24,1,,2026-05-15 12:59:23.370000
58095,16,1,<p>N/A</p>,2026-02-23 13:14:49.617000
58110,22,1,<p>N/A</p>,2025-04-11 13:05:43.103000
58116,29,1,,2026-07-14 22:43:00.233000
58120,17,1,<p>N/A</p>,2026-02-09 16:51:08.140000
58127,19,1,<p>N/A</p>,2025-09-30 23:50:43.973000
58133,23,1,,2025-10-14 13:00:35.403000
58136,22,1,<p>N/A</p>,2025-04-11 13:06:38.360000
58152,13,1,,2026-07-14 22:42:59.117000
58168,33,1,<p>N/A</p>,2026-01-13 15:44:01.650000
58170,33,1,<p>N/A</p>,2026-01-13 15:44:31.633000
58181,24,1,<p>N/A</p>,2026-01-26 13:24:19.973000
58183,19,1,<p>N/A</p>,2026-01-26 13:24:19.640000
58205,13,1,<p>N/A</p>,2026-05-21 14:06:10.977000
58207,34,1,<p>N/A</p>,2026-01-22 15:22:01.583000
58209,9,1,<p><strong>N/A</strong></p>,2026-01-22 20:04:10.977000
58211,24,1,,2025-12-11 14:58:17.443000
58213,16,1,,2025-04-22 17:24:50.383000
58218,17,1,,2025-12-26 23:52:21.793000
58223,22,1,,2026-03-18 13:41:37.407000
58227,20,1,,2026-02-23 13:14:49.827000
58243,7,1,,2026-01-23 13:54:24.770000
58250,19,1,,2026-01-23 14:14:12.673000
58264,8,1,,2026-01-23 13:55:23.343000
58275,9,1,<p>N/A</p>,2022-07-01 17:29:40.320000
58277,13,1,<p>N/A</p>,2025-04-09 14:29:57.053000
58282,14,1,,2026-07-13 15:33:56.907000
58287,5,1,,2021-12-29 15:47:22.200000
58294,8,1,,2026-07-14 22:42:59.070000
58308,18,1,<p>N/A</p>,2024-09-04 13:37:23.327000
58318,65,1,<p>N/A</p>,2026-07-24 12:45:43.280000
58321,7,1,,2021-12-21 15:13:33.267000
58324,35,1,<p>N/A</p>,2025-11-03 14:14:04.733000
58343,11,1,,2022-01-28 16:21:56.970000
58350,24,1,,2026-05-15 13:00:18.043000
58354,15,1,,2026-01-27 16:42:09.713000
58359,13,1,,2025-08-29 16:26:45.290000
58362,10,1,<p>N/A</p>,2023-11-08 14:12:36.557000
58364,39,1,<p>N/A</p>,2026-07-17 13:58:21.017000
58367,6,1,,2021-12-28 21:23:47.780000
58371,12,1,,2023-12-13 11:56:18.853000
58376,67,1,,2026-07-28 16:15:29.953000
58392,13,1,,2024-12-17 19:38:02.780000
58395,44,1,<p>N/A</p>,2026-07-24 12:00:15.870000
58403,27,1,,2026-05-12 13:14:36.797000
58406,26,1,,2026-01-20 13:09:53.693000
58410,9,1,,2022-01-14 13:55:22.230000
58414,11,1,,2022-01-14 13:47:59.607000
58423,48,1,<p>N/A</p>,2025-12-05 14:35:37.487000
58428,29,1,,2026-04-02 15:09:07.877000
58434,34,1,,2026-03-06 14:02:52.430000
58436,13,1,,2025-09-04 18:54:29.843000
58454,50,1,<p>N/A</p>,2026-07-28 13:12:31.700000
58468,41,1,,2026-07-31 11:43:52.747000
58471,10,1,,2023-02-15 13:42:16.477000
58473,11,1,,2026-04-30 14:11:01.440000
58477,22,1,,2026-05-21 14:03:05.310000
58503,12,1,,2023-08-22 15:20:42.787000
58559,42,1,,2026-07-31 14:24:59.610000
58565,52,1,<p>When addressing a specific toe(s) or finger(s) use the respective CPT&#174; HCPCS Level II modifier to identify them on the claim. Other modifiers listed below may include (but are not to be used alone when a more specific modifier is needed to clarify the procedure).</p>,2026-08-04 19:42:56.180000
58573,13,1,,2026-02-06 13:52:48.730000
58575,38,1,<p>N/A</p>,2026-01-23 14:10:48.887000
58577,33,1,<p>N/A</p>,2026-01-23 14:18:05.350000
58582,20,1,,2026-07-27 16:51:59.810000
58592,19,1,,2025-09-26 14:06:34.087000
58609,7,1,,2026-07-14 22:43:02.523000
58641,4,1,,2021-02-10 21:01:14.087000
58649,13,1,,2026-07-16 16:30:41.963000
58652,29,1,<p>N/A</p>,2026-07-28 16:14:05.637000
58652,29,2,<p>N/A</p>,2026-07-28 16:14:05.640000
58652,29,3,<p>N/A</p>,2026-07-28 16:14:05.647000
58656,9,1,,2026-07-14 22:43:03.760000
58664,9,1,,2024-04-04 12:36:19.833000
58679,38,1,<p>N/A</p>,2026-08-07 16:28:45.383000
58695,11,1,"<p>N/A</p>
<p>&nbsp;</p>",2025-01-13 16:08:10.753000
58700,17,1,<p>N/A</p>,2026-06-16 16:16:29.983000
58700,17,2,<p>N/A</p>,2026-06-16 16:16:30.013000
58706,12,1,,2023-11-08 14:53:39.943000
58710,92,1,,2026-07-28 16:14:49.867000
58710,92,2,,2026-07-28 16:14:49.877000
58710,92,3,,2026-07-28 16:14:49.880000
58710,92,4,,2026-07-28 16:14:49.887000
58710,92,5,,2026-07-28 16:14:49.893000
58710,92,6,,2026-07-28 16:14:49.900000
58710,92,7,,2026-07-28 16:14:49.907000
58710,92,8,,2026-07-28 16:14:49.913000
58710,92,9,,2026-07-28 16:14:49.920000
58710,92,10,,2026-07-28 16:14:49.927000
58710,92,11,,2026-07-28 16:14:49.930000
58710,92,12,,2026-07-28 16:14:49.937000
58713,13,1,<p>N/A</p>,2026-06-19 22:31:40.870000
58718,16,1,<p>N/A</p>,2026-06-16 15:27:00.953000
58720,90,1,<p>N/A</p>,2026-07-28 13:17:14.880000
58720,90,2,<p>N/A</p>,2026-07-28 13:17:14.887000
58720,90,3,<p>N/A</p>,2026-07-28 13:17:14.893000
58720,90,4,<p>N/A</p>,2026-07-28 13:17:14.900000
58720,90,5,<p>N/A</p>,2026-07-28 13:17:14.907000
58720,90,6,<p>N/A</p>,2026-07-28 13:17:14.910000
58720,90,7,<p>N/A</p>,2026-07-28 13:17:14.917000
58720,90,8,<p>N/A</p>,2026-07-28 13:17:14.923000
58720,90,9,<p>N/A</p>,2026-07-28 13:17:14.930000
58720,90,10,<p>N/A</p>,2026-07-28 13:17:14.937000
58720,90,11,<p>N/A</p>,2026-07-28 13:17:14.943000
58720,90,12,<p>N/A</p>,2026-07-28 13:17:14.950000
58731,16,1,,2025-03-06 18:09:52.503000
58734,20,1,<p>N/A</p>,2026-07-30 19:18:02.113000
58737,10,1,,2023-11-15 12:45:38.993000
58741,18,1,<p>N/A</p>,2026-07-20 21:35:44.533000
58745,21,1,,2026-07-14 22:42:59.550000
58747,65,1,,2026-07-02 16:11:42.437000
58747,65,2,,2026-07-02 16:11:42.447000
58747,65,3,,2026-07-02 16:11:42.453000
58747,65,4,,2026-07-02 16:11:42.460000
58747,65,5,,2026-07-02 16:11:42.470000
58747,65,6,,2026-07-02 16:11:42.477000
58747,65,7,,2026-07-02 16:11:42.483000
58747,65,8,,2026-07-02 16:11:42.490000
58747,65,9,,2026-07-02 16:11:42.497000
58747,65,10,,2026-07-02 16:11:42.503000
58747,65,11,,2026-07-02 16:11:42.510000
58747,65,12,,2026-07-02 16:11:42.517000
58756,26,1,<p>N/A</p>,2026-07-31 11:47:33.300000
58756,26,2,<p>N/A</p>,2026-07-31 11:47:33.307000
58756,26,3,<p>N/A</p>,2026-07-31 11:47:33.310000
58759,13,1,<p>N/A</p>,2026-06-17 16:58:55.327000
58759,13,2,<p>N/A</p>,2026-06-17 16:58:55.337000
58761,70,1,<p>N/A</p>,2026-07-31 11:33:27.410000
58761,70,2,<p>N/A</p>,2026-07-31 11:33:27.423000
58761,70,3,<p>N/A</p>,2026-07-31 11:33:27.430000
58761,70,4,<p>N/A</p>,2026-07-31 11:33:27.440000
58761,70,5,<p>N/A</p>,2026-07-31 11:33:27.447000
58761,70,6,<p>N/A</p>,2026-07-31 11:33:27.453000
58761,70,7,<p>N/A</p>,2026-07-31 11:33:27.460000
58761,70,8,<p>N/A</p>,2026-07-31 11:33:27.470000
58761,70,9,<p>N/A</p>,2026-07-31 11:33:27.477000
58761,70,10,<p>N/A</p>,2026-07-31 11:33:27.487000
58761,70,11,<p>N/A</p>,2026-07-31 11:33:27.493000
58761,70,12,<p>N/A</p>,2026-07-31 11:33:27.500000
58774,24,1,<p>N/A</p>,2026-06-18 15:37:53.970000
58777,11,1,,2023-11-20 16:38:02.953000
58788,18,1,,2026-07-23 11:37:16.400000
58795,15,1,,2025-01-24 17:57:05.387000
58797,15,1,,2025-01-24 17:58:11.547000
58801,85,1,,2026-07-10 13:49:04.720000
58808,12,1,<p>N/A</p>,2023-07-14 11:34:24.387000
58810,11,1,<p>N/A</p>,2023-07-14 11:34:57.573000
58812,81,1,,2026-07-10 13:49:41.480000
58814,12,1,<p>75580</p>,2026-07-14 22:43:01.090000
58817,6,1,,2023-11-07 16:43:54.333000
58821,7,1,"<p><span style=""background: white; line-height: 115%;"">Modifier - KX must be used as an attestation by the practitioner and/or provider of the service that documentation is on file verifying the patient has sufficiently symptomatic HF and electrocardiographic evidence of dyssynchrony or sufficiently symptomatic HF with an EF &lt; 50% and a need for frequent </span><span style=""background: white; line-height: 115%;"">RV pacing. </span></p>
<p><span style=""line-height: 115%;""> </span></p>
<p><span style=""background: white; line-height: 115%;"">For medically necessary CRT in conditions not addressed by this article, use modifier - SC.</span></p>
<p><span style=""background: white; line-height: 115%;"">Modifier &ndash; GA should be used when the provider wants to indicate that he/she anticipates that Medicare will deny a specific service as not reasonable and necessary, an Advanced </span><span style=""background: white; line-height: 115%;"">Beneficiary Notice (ABN) Form CMS-R-131 has been signed by the beneficiary and is on file. Modifier &ndash; GA may also be used on assigned claims when a patient refuses to sign the ABN and the latter is properly witnessed. For claims submitted to the Part A MAC, occurrence code 32 and the date of the ABN are required.</span><span style=""line-height: 115%;""><br /><br /><span style=""background: white;"">Modifier &ndash; GZ should be used when the provider wants to indicate that it is expected that Medicare will deny the specific services as not reasonable and necessary and the beneficiary was not asked to sign an ABN.</span><br /><br /><span style=""background: white;"">Claims for pacemaker claims that do not meet the criteria for modifier &ndash; KX or &ndash; SC should have modifier &ndash; GA or &ndash; GZ appended depending on the ABN status and will be denied.</span></span></p>",2022-03-09 15:36:34.317000
58828,15,1,,2026-03-13 13:22:31.940000
58865,24,1,<p>N/A</p>,2025-10-14 13:00:34.253000
58872,6,1,,2025-09-26 14:02:42.330000
58873,7,1,,2025-09-26 14:13:24.857000
58876,12,1,<p>N/A</p>,2026-01-27 16:23:15.790000
58883,6,1,,2023-03-08 14:23:30.533000
58893,19,1,<p>N/A</p>,2026-07-14 22:42:58.323000
58917,101,1,"<p>It is the provider&#8217;s responsibility to assess the applicability of modifiers and to select the appropriate modifier in accordance with the medical record. Any modifier submitted on a claim must be valid and effective for the date of service reported. Identified payment modifiers, those that directly affect reimbursement, must be listed first. Informational or statistical modifiers must be listed after the payment modifiers, in any order, if there are multiple modifiers applicable.</p>
<p><strong>Note:</strong> The modifier table is not an exhaustive list of coding related modifiers. Providers must append any additional modifiers necessary to accurately reflect the services rendered.</p>",2026-07-10 13:50:33.853000
58918,90,1,"<p>It is the provider&#8217;s responsibility to assess the applicability of modifiers and to select the appropriate modifier in accordance with the medical record. Any modifier submitted on a claim must be valid and effective for the date of service reported. Identified payment modifiers, those that directly affect reimbursement, must be listed first. Informational or statistical modifiers must be listed after the payment modifiers, in any order, if there are multiple modifiers applicable.</p>
<p><strong>Note:</strong> The modifier table is not an exhaustive list of coding related modifiers. Providers must append any additional modifiers necessary to accurately reflect the services rendered.</p>",2026-07-10 13:51:17.690000
58921,11,1,,2026-07-14 22:43:00.763000
58963,11,1,,2026-07-14 22:43:00.900000
58973,27,1,<p>N/A</p>,2026-01-26 13:24:19.860000
58982,19,1,,2025-04-10 12:56:51.380000
58988,24,1,,2025-04-15 11:39:43.413000
58993,16,1,,2025-09-04 18:56:44.287000
58996,31,1,<p>N/A</p>,2026-01-26 13:24:18.377000
58998,19,1,,2025-04-14 12:10:35.977000
59004,20,1,,2025-04-25 17:04:30.980000
59015,3,1,,2023-03-24 13:40:24.870000
59028,12,1,"<p><span style=""line-height: 115%;"">For reimbursement to be considered, claims must include the nail on which the procedure is performed using 1 of the modifiers listed below to identify the digit.</span></p>",2026-01-27 16:14:31.580000
59030,13,1,,2026-01-27 16:46:36.473000
59032,7,1,<p>N/A</p>,2026-01-12 13:44:34.413000
59036,23,1,"<p><span style=""line-height: 115%;"">The following modifier would need to be appropriately utilized if the AWV and Cognitive Assessment and Care plan services are done at the same visit </span><span style=""line-height: 115%;"">and would only be appropriate for a truly separate and fully complete provision of the 99483 service above and beyond all the AWV components.</span></p>",2026-02-04 14:04:18.223000
59040,12,1,,2024-12-23 16:53:11.340000
59042,13,1,,2024-08-08 18:09:07.980000
59049,16,1,,2023-11-22 12:43:44.167000
59051,6,1,,2025-02-06 19:17:00.333000
59066,10,1,,2025-10-31 21:06:19.183000
59101,28,1,,2026-07-14 22:43:01.503000
59105,36,1,<p>N/A</p>,2026-07-24 15:31:36.380000
59109,7,1,,2023-10-03 12:37:44.770000
59121,3,1,,2023-03-22 12:01:22.940000
59123,28,1,,2025-01-03 19:42:36.283000
59125,38,1,,2025-01-03 19:41:28.903000
59154,13,1,,2026-03-16 18:20:07.950000
59158,9,1,,2024-01-02 22:06:16.557000
59160,13,1,"<p><span style=""background: white;"">These modifiers are applicable to all codes listed in CPT/HCPCS Codes Groups 1-7.</span></p>",2025-08-14 18:05:46.737000
59163,7,1,,2026-02-19 15:23:04.360000
59170,5,1,,2023-08-22 19:03:44.770000
59175,11,1,,2026-02-23 13:14:48.303000
59179,10,1,<p>N/A</p>,2026-01-12 13:44:34.087000
59186,22,1,,2025-08-25 19:38:59.300000
59192,15,1,,2024-11-08 16:43:50.010000
59205,3,1,,2023-01-13 14:25:21.643000
59215,9,1,,2026-02-27 16:20:48.337000
59233,19,1,,2026-07-14 22:43:03.277000
59244,18,1,<p>N/A</p>,2026-02-23 13:14:49.753000
59254,3,1,,2022-09-20 12:24:34.207000
59257,11,1,,2024-12-18 15:04:20.317000
59259,8,1,,2024-11-20 13:59:46.553000
59261,7,1,<p>N/A</p>,2025-09-17 17:20:52.903000
59268,27,1,,2025-01-24 14:03:22.820000
59270,26,1,,2025-01-24 14:03:59.237000
59295,6,1,,2025-04-16 19:11:30.930000
59299,12,1,,2025-12-01 15:23:23.657000
59311,10,1,,2026-07-14 22:42:55.433000
59318,13,1,,2026-02-19 15:11:00.757000
59323,4,1,,2024-12-03 17:14:53.743000
59332,15,1,,2026-04-17 13:36:17.670000
59350,27,1,<p>N/A</p>,2026-04-28 18:58:12.977000
59371,7,1,,2026-02-04 14:05:57.993000
59374,14,1,,2025-09-18 20:03:02.383000
59380,3,1,<p>N/A</p>,2024-06-28 13:40:37.260000
59382,4,1,<p>N/A</p>,2024-06-28 11:41:21.433000
59386,4,1,<p>N/A</p>,2026-01-12 13:44:34.160000
59416,14,1,<p>N/A</p>,2026-07-30 19:17:11.113000
59423,4,1,,2026-02-19 16:30:13.340000
59429,4,1,,2026-04-20 12:35:40.393000
59434,19,1,<p>N/A</p>,2025-09-16 17:56:25.763000
59449,2,1,,2023-06-01 15:03:46.597000
59462,4,1,,2024-08-01 12:59:19.270000
59466,7,1,,2026-02-23 13:14:48.870000
59470,4,1,,2024-06-07 12:15:47.500000
59472,4,1,,2024-08-01 13:59:00.243000
59474,4,1,,2025-05-13 19:14:46.270000
59476,4,1,,2024-08-02 14:22:52.293000
59480,10,1,,2025-09-18 19:56:26.297000
59482,4,1,,2025-06-11 12:11:53.100000
59484,8,1,,2025-01-02 16:02:05.223000
59487,15,1,,2026-07-14 22:43:04.250000
59491,7,1,,2023-07-21 14:46:30.857000
59498,10,1,,2026-01-27 16:44:14.453000
59505,5,1,<p>N/A</p>,2026-01-12 13:44:34.297000
59509,5,1,<p>N/A</p>,2026-01-26 13:24:19.183000
59513,4,1,<p>N/A</p>,2026-01-12 13:44:33.633000
59521,11,1,,2026-01-12 13:44:34.247000
59529,10,1,,2025-08-01 00:24:30.960000
59536,7,1,,2025-01-23 20:22:48.890000
59549,5,1,,2026-06-18 12:54:10.350000
59551,5,1,,2026-06-18 12:47:39.087000
59553,11,1,,2026-01-22 20:10:15.837000
59560,4,1,,2026-04-16 17:53:00.007000
59561,3,1,,2023-09-19 20:27:06.120000
59595,4,1,,2026-07-14 22:43:00.430000
59608,32,1,,2026-04-04 15:22:20.290000
59624,19,1,,2026-03-30 15:54:26.823000
59632,23,1,,2026-07-16 15:39:29.810000
59634,10,1,,2026-04-02 13:25:16.813000
59636,34,1,,2026-07-21 12:44:17.317000
59641,35,1,<p>N/A</p>,2026-07-21 12:13:50.850000
59646,19,1,,2026-07-24 12:24:46.280000
59649,30,1,<p>N/A</p>,2026-07-24 11:56:06.627000
59654,4,1,<p>N/A</p>,2024-05-21 14:17:38.887000
59657,9,1,,2025-09-16 14:35:04.143000
59664,17,1,,2026-05-21 13:59:58.010000
59668,29,1,"<p>It is the provider&#8217;s responsibility to assess the applicability of modifiers and to select the appropriate modifier in accordance with the medical record. Any modifier submitted on a claim must be valid and effective for the date of service reported. Identified payment modifiers, those that directly affect reimbursement, must be listed first. Informational or statistical modifiers must be listed after the payment modifiers, in any order, if there are multiple modifiers applicable.</p>
<p><strong>Note: </strong>The modifier table is not an exhaustive list of coding related modifiers. Providers must append any additional modifiers necessary to accurately reflect the services rendered.</p>",2026-04-24 14:05:55.377000
59672,8,1,,2026-01-27 16:33:59.727000
59674,18,1,"<p>It is the provider&#8217;s responsibility to assess the applicability of modifiers and to select the appropriate modifier in accordance with the medical record. Any modifier submitted on a claim must be valid and effective for the date of service reported. Identified payment modifiers, those that directly affect reimbursement, must be listed first. Informational or statistical modifiers must be listed after the payment modifiers, in any order, if there are multiple modifiers applicable.</p>
<p><strong>Note:</strong> The modifier table is not an exhaustive list of coding related modifiers. Providers must append any additional modifiers necessary to accurately reflect the services rendered.</p>",2026-04-24 14:06:43.693000
59682,4,1,,2024-12-27 21:50:19.290000
59695,12,1,,2025-12-23 11:46:35.397000
59707,25,1,,2026-07-15 22:27:39.037000
59713,5,1,,2024-05-20 14:00:20.610000
59714,16,1,,2026-04-02 13:24:43.850000
59716,8,1,,2026-01-05 14:14:54.877000
59718,10,1,,2026-01-20 13:10:48.170000
59721,6,1,,2026-01-16 14:27:39.507000
59723,10,1,,2026-01-27 16:24:57.060000
59725,3,1,,2024-05-23 12:18:31.410000
59726,19,1,,2026-04-04 15:22:57.470000
59727,4,1,<p>N/A</p>,2024-05-23 22:26:32.117000
59728,4,1,<p>N/A</p>,2024-05-23 22:28:12.390000
59733,10,1,,2026-07-14 22:42:58.460000
59752,4,1,,2025-09-16 14:35:04.500000
59764,16,1,,2026-01-23 14:18:48.983000
59766,29,1,,2026-01-23 14:11:37.897000
59769,9,1,,2025-12-23 12:01:46.863000
59805,20,1,"<p>Please note that when selecting the appropriate codes for cataract surgery, always indicate laterality of the operated eye using HCPCS Level II modifier ""LT"" or ""RT,"" as appropriate. <br />Bilateral procedures should be indicated by the appropriate modifier for bilateral procedures (-50).</p>
<p><strong>Modifier &ndash;78</strong> <em>Unplanned return to the operating/procedure room by the same physician or other qualified health professional following initial procedure for a related procedure during the postoperative period.</em></p>
<p><strong>Modifier &ndash;79</strong> <em>Unrelated procedure or service by the same physician during the postoperative period.</em> The procedure could be unrelated because it is performed in the other eye. Or it could be a new problem, not related to the initial surgery of the same eye.</p>",2026-07-24 11:49:35.257000
59807,8,1,,2026-07-27 12:14:39.013000
59808,2,1,,2024-05-21 16:54:12.890000
59809,10,1,,2026-04-29 15:08:31.940000
59811,5,1,,2026-01-20 20:47:46.393000
59813,6,1,,2026-01-22 18:57:23.457000
59819,18,1,,2025-09-16 14:35:05.123000
59827,7,1,,2025-11-10 14:25:37.917000
59835,8,1,,2026-01-26 13:24:19.447000
59847,8,1,,2025-09-16 12:46:06.280000
59849,8,1,,2025-09-18 14:46:43.983000
59860,5,1,,2025-08-22 15:36:03.837000
59862,7,1,,2025-09-19 17:11:59.580000
59866,6,1,,2026-05-28 13:18:08.430000
59868,8,1,,2026-01-12 13:44:33.783000
59872,9,1,,2026-01-26 13:24:19.123000
59878,4,1,,2025-01-24 20:11:21.277000
59880,3,1,,2025-02-18 17:08:41.970000
59882,9,1,,2026-05-26 12:23:25.907000
59892,2,1,,2024-08-16 18:25:16.317000
59898,2,1,,2024-09-23 12:27:59.267000
59906,6,1,<p>N/A</p>,2025-10-22 15:46:02.277000
59908,6,1,<p>N/A</p>,2025-09-17 18:40:36.007000
59915,27,1,,2026-07-15 21:12:16.787000
59919,5,1,,2025-11-14 13:10:49.333000
59933,9,1,<p>N/A</p>,2024-10-04 15:29:35.927000
59939,5,1,,2025-11-18 17:41:35.423000
59940,5,1,<p>N/A</p>,2024-10-04 15:30:23.083000
59960,3,1,,2025-01-31 15:27:56.180000
59971,3,1,,2025-09-05 14:00:09.333000
59973,7,1,,2026-07-14 22:42:55.333000
59976,4,1,,2025-10-27 12:06:19.830000
59981,3,1,,2025-09-03 10:53:52.297000
60145,6,1,,2025-07-09 12:21:59.677000
60146,6,1,,2026-07-08 13:05:47.013000
60151,6,1,<p>N/A</p>,2025-07-11 15:54:49.263000
60152,8,1,<p>N/A</p>,2026-07-31 21:13:48.920000
60154,6,1,<p>N/A</p>,2025-07-11 15:55:34.840000
60155,6,1,<p>N/A</p>,2026-07-31 21:16:02
60160,6,1,,2025-07-10 11:35:33.750000
60161,4,1,,2026-07-08 12:55:18.083000
60176,18,1,<p>N/A</p>,2026-07-14 22:43:03.667000
60177,5,1,,2025-05-09 11:26:42.007000
60178,3,1,<p>N/A</p>,2025-05-06 21:48:45.010000
60179,4,1,<p>N/A</p>,2025-05-06 21:54:09.690000
60180,4,1,,2025-05-08 12:36:56.677000
60181,12,1,,2026-04-06 19:39:37.703000
60184,3,1,,2025-05-08 17:54:13.997000
60185,11,1,,2026-04-29 18:55:07.023000
60194,2,1,,2025-05-06 15:04:53.310000
60195,4,1,,2025-05-22 20:22:10.480000
60196,4,1,,2025-05-22 20:22:41.960000
60204,7,1,,2025-08-18 13:50:43.887000
60205,4,1,,2026-06-19 12:57:32.027000
60210,3,1,,2025-05-08 20:58:52.597000
60211,10,1,,2026-04-06 16:14:57.447000
60212,2,1,,2025-05-07 16:57:58.687000
60213,13,1,<p>N/A</p>,2026-04-10 11:53:59.137000
60214,4,1,,2025-08-21 18:29:10.443000
60215,4,1,,2026-06-19 12:14:49.340000
60216,4,1,,2025-08-22 14:21:18.023000
60217,4,1,,2026-06-19 13:17:57.073000
60221,3,1,,2025-09-19 13:10:02.350000
60222,4,1,,2026-05-14 12:45:24.343000
60234,3,1,,2025-07-17 14:52:46.063000
60235,3,1,,2025-08-18 14:00:07.680000
60238,3,1,,2025-08-22 13:39:42.150000
60240,3,1,,2025-08-21 18:28:20.760000
60244,2,1,,2025-09-18 15:32:47.117000
60245,3,1,,2025-11-24 14:22:09.707000
60246,3,1,,2025-09-19 13:11:24.580000
60247,6,1,,2026-04-10 14:16:03.993000
60249,5,1,,2025-09-18 15:33:55.733000
60250,8,1,,2026-03-26 12:01:44.340000
60255,5,1,,2025-08-18 13:55:44.857000
60271,2,1,,2025-08-22 14:02:20.350000
60273,2,1,,2025-07-11 19:17:48.263000
60274,4,1,,2026-07-20 18:27:39.070000
60275,2,1,,2025-07-18 11:41:50.450000
60276,3,1,<p>N/A</p>,2025-09-03 17:34:46.773000
60278,6,1,,2025-09-19 13:32:09.780000
60279,4,1,,2026-04-29 14:04:44.270000
60285,4,1,<p>N/A</p>,2025-09-19 13:10:55.963000
60286,6,1,,2026-05-08 13:56:30.910000
60291,2,1,,2025-09-17 13:34:11.003000
60292,4,1,,2026-05-08 13:06:00.050000
60293,3,1,,2025-08-21 18:27:03.200000
60295,3,1,,2025-09-17 13:30:49.210000
60297,3,1,,2025-09-19 13:12:09.083000
60299,3,1,,2025-09-16 18:35:54.837000
60301,3,1,,2025-09-18 14:45:05.690000
60304,3,1,,2025-09-18 15:45:10.317000
60305,2,1,<p>N/A</p>,2025-08-19 14:40:00.100000
60306,3,1,<p>N/A</p>,2026-06-18 15:27:16.753000
60307,3,1,<p>N/A</p>,2025-09-15 16:48:05.400000
60309,3,1,<p>N/A</p>,2025-09-15 17:12:37.363000
60314,5,1,<p>N/A</p>,2025-09-05 17:38:49.093000
60315,4,1,"<p><br />It is the provider&#8217;s responsibility to assess the applicability of modifiers and to select the appropriate modifier in accordance with the medical record. Any modifier submitted on a claim must be valid and effective for the date of service reported. Identified payment modifiers, those that directly affect reimbursement, must be listed first. Informational or statistical modifiers must be listed after the payment modifiers, in any order, if there are multiple modifiers applicable.</p>
<p><strong>Note:</strong> Coding related modifiers are not limited to those identified in the table. The provider should supplement the claim with necessary modifiers when appropriate.</p>",2026-03-27 16:53:30.717000
60317,4,1,<p>N/A</p>,2025-09-05 17:42:48.627000
60318,5,1,"<p><br />It is the provider&#8217;s responsibility to assess the applicability of modifiers and to select the appropriate modifier in accordance with the medical record. Any modifier submitted on a claim must be valid and effective for the date of service reported. Identified payment modifiers, those that directly affect reimbursement, must be listed first. Informational or statistical modifiers must be listed after the payment modifiers, in any order, if there are multiple modifiers applicable.</p>
<p><strong>Note:</strong> Coding related modifiers are not limited to those identified in the table. The provider should supplement the claim with necessary modifiers when appropriate.</p>",2026-03-27 16:54:22.640000
60321,2,1,<p>N/A</p>,2025-09-16 17:46:47.970000
60323,3,1,,2026-01-08 13:42:51.067000
60324,3,1,,2026-07-16 16:40:38.427000
60325,2,1,,2025-09-18 18:47:23.943000
60333,12,1,"<p>It is the provider&#8217;s responsibility to assess the applicability of modifiers and to select the appropriate modifier in accordance with the medical record. Any modifier submitted on a claim must be valid and effective for the date of service reported. Identified payment modifiers, those that directly affect reimbursement, must be listed first. Informational or statistical modifiers must be listed after the payment modifiers, in any order, if there are multiple modifiers applicable.</p>
<p><strong>Note:</strong> The modifier table is not an exhaustive list of coding related modifiers. Providers must append any additional modifiers necessary to accurately reflect the services rendered.</p>",2026-02-13 17:53:58.480000
60340,11,1,"<p>It is the provider&#8217;s responsibility to assess the applicability of modifiers and to select the appropriate modifier in accordance with the medical record. Any modifier submitted on a claim must be valid and effective for the date of service reported. Identified payment modifiers, those that directly affect reimbursement, must be listed first. Informational or statistical modifiers must be listed after the payment modifiers, in any order, if there are multiple modifiers applicable.</p>
<p><strong>Note:</strong> The modifier table is not an exhaustive list of coding related modifiers. Providers must append any additional modifiers necessary to accurately reflect the services rendered.</p>",2026-02-13 17:54:53.963000
60360,4,1,,2026-01-09 13:29:32.187000
60361,7,1,<p>N/A</p>,2026-08-05 19:02:09.677000
60363,4,1,,2026-01-26 17:04:04.147000
60374,4,1,,2026-01-09 14:50:40.083000
60375,5,1,,2026-08-06 16:15:06.197000
60376,3,1,,2026-01-08 15:31:18.610000
60377,5,1,<p>N/A</p>,2026-08-06 19:12:06.500000
60380,5,1,,2026-01-08 19:38:16.070000
60381,3,1,,2026-07-16 16:40:37.787000
60390,3,1,,2026-01-22 17:54:23.270000
60391,4,1,<p>N/A</p>,2026-08-06 15:10:18.810000
60393,2,1,<p>N/A</p>,2026-01-22 19:04:57.253000
60397,5,1,,2026-01-16 23:44:17.260000
60407,4,1,,2026-05-13 18:27:50.543000
60409,2,1,"<p>The 91 modifier is used for laboratory tests paid under the clinical laboratory fee schedule, as stated in the Medicare Claims Processing Manual Chapter 16, Laboratory Services Section 100.5.1.<br /><br /></p>",2026-03-27 12:42:33.340000
60410,6,1,,2026-05-14 12:42:23.880000
60418,3,1,<p>N/A</p>,2026-05-14 11:53:39.643000
60420,5,1,,2026-05-14 12:48:21.727000
60422,3,1,,2026-04-16 11:46:35.123000
60423,12,1,,2026-05-08 16:15:01.163000
60425,4,1,,2026-05-08 16:16:01.420000
60432,4,1,,2026-05-14 20:00:12.190000
60435,3,1,,2026-05-12 00:12:23.683000
60462,3,1,,2026-06-26 12:56:59.637000
60507,2,1,,2026-07-24 20:50:48.070000
